Cidades,Ind√≠ce de Criminalidade
"Caracas, Venezuela",83.98
"Pretoria, South Africa",81.98
"Celaya, Mexico",81.8
"San Pedro Sula, Honduras",80.87
"Port Moresby, Papua New Guinea",80.71
"Durban, South Africa",80.6
"Johannesburg, South Africa",80.55
"Kabul, Afghanistan",79.39
"Rio de Janeiro, Brazil",77.93
"Natal, Brazil",77.69
"Fortaleza, Brazil",77.36
"Port Elizabeth, South Africa",76.44
"Recife, Brazil",76.42
"Port of Spain, Trinidad And Tobago",76.21
"Baltimore, MD, United States",75.75
"Salvador, Brazil",75.69
"Rosario, Argentina",75.11
"Memphis, TN, United States",74.76
"Detroit, MI, United States",74.63
"Rockhampton, Australia",73.51
"Cape Town, South Africa",73.13
"Porto Alegre, Brazil",72.92
"Tijuana, Mexico",71.87
"Kingston, Jamaica",71.44
"Bloemfontein, South Africa",71.32
"Bradford, United Kingdom",71.24
"Albuquerque, NM, United States",70.93
"Lima, Peru",70.7
"Guayaquil, Ecuador",70.59
"Sao Paulo, Brazil",70.49
"Saint Louis, MO, United States",70.46
"San Salvador, El Salvador",69.79
"Cali, Colombia",69.5
"Mexico City, Mexico",68.86
"Windhoek, Namibia",68.64
"San Juan, Puerto Rico",68.55
"Santo Domingo, Dominican Republic",68.37
"Coventry, United Kingdom",68.35
"Damascus, Syria",67.94
"Luanda, Angola",67.45
"New Orleans, LA, United States",67.05
"Milwaukee, WI, United States",66.78
"Campinas, Brazil",66.74
"Oakland, CA, United States",66.54
"Lagos, Nigeria",66.22
"Chicago, IL, United States",66.1
"Nantes, France",65.7
"Bogota, Colombia",65.42
"Manila, Philippines",64.72
"Surrey, Canada",64.58
"Cleveland, OH, United States",64.39
"Houston, TX, United States",64.32
"Almaty, Kazakhstan",64.17
"Male, Maldives",63.89
"Lethbridge, AB, Canada",63.89
"Dhaka, Bangladesh",63.66
"Philadelphia, PA, United States",63.65
"Belo Horizonte, Brazil",63.54
"Catania, Italy",63.51
"Kuala Lumpur, Malaysia",63.4
"Buenos Aires, Argentina",63.33
"Klang, Malaysia",62.84
"Atlanta, GA, United States",62.77
"Birmingham, United Kingdom",62.68
"Guatemala City, Guatemala",62.65
"Marseille, France",62.51
"Tripoli, Libya",62.29
"Anchorage, AK, United States",62.27
"Curitiba, Brazil",62.19
"Guadalajara, Mexico",61.99
"Red Deer, Canada",61.75
"Kelowna, Canada",61.56
"Quezon City, Philippines",60.99
"Quito, Ecuador",60.92
"Puebla, Mexico",60.58
"Cairns, Australia",60.57
"Cordoba, Argentina",60.38
"Harare, Zimbabwe",60.35
"Craiova, Romania",60.2
"San Francisco, CA, United States",60.1
"Sudbury, Canada",60.1
"Naples, Italy",59.96
"Dar es Salaam, Tanzania",59.9
"Ghaziabad, India",59.83
"Sault Ste. Marie, Canada",59.81
"Santiago, Chile",59.8
"Brasilia, Brazil",59.46
"Nice, France",59.43
"Washington, DC, United States",59.43
"Delhi, India",59.15
"Baghdad, Iraq",59.13
"Nairobi, Kenya",59.03
"Winnipeg, Canada",58.93
"Minsk, Belarus",58.72
"Darwin, Australia",58.47
"Indianapolis, IN, United States",57.66
"Kansas City, MO, United States",57.41
"Liege, Belgium",57.38
"Noida, India",57.12
"Jacksonville, FL, United States",56.82
"Malmo, Sweden",56.59
"Athens, Greece",56.42
"Louisville, KY, United States",56.06
"Paris, France",56.02
"Manchester, United Kingdom",55.81
"Geelong, Australia",55.76
"Tehran, Iran",55.72
"Gaborone, Botswana",55.67
"Casablanca, Morocco",55.39
"San Jose, Costa Rica",55.38
"Ulaanbaatar, Mongolia",55.34
"Cancun, Mexico",55.18
"Montpellier, France",55.16
"Minneapolis, MN, United States",55.1
"Gurgaon, India",55.09
"Oshawa, Canada",55.08
"Spokane, WA, United States",55.06
"Ballarat, Australia",55.05
"Brampton, Canada",54.98
"Las Vegas, NV, United States",54.89
"Montevideo, Uruguay",54.81
"Bangalore, India",54.81
"Thessaloniki, Greece",54.8
"Hamilton, Canada",54.53
"Bilbao, Spain",54.42
"Lille, France",54.33
"Grenoble, France",54.2
"Karachi, Pakistan",54.1
"Johor Bahru, Malaysia",54.07
"Algiers, Algeria",53.88
"Ho Chi Minh City, Vietnam",53.61
"London, Canada",53.59
"Phnom Penh, Cambodia",53.56
"Jakarta, Indonesia",53.3
"London, United Kingdom",53.29
"Toowoomba, Australia",53.17
"Odessa (Odesa), Ukraine",53.17
"Medellin, Colombia",53.12
"Rome, Italy",53.11
"Rennes, France",53.0
"Petaling Jaya, Malaysia",52.99
"Amadora, Portugal",52.98
"Drogheda, Ireland",52.96
"Portland, OR, United States",52.85
"Regina, Canada",52.82
"Kamloops, Canada",52.63
"Brussels, Belgium",52.41
"Dnipro, Ukraine",52.31
"Rostov-na-donu, Russia",52.3
"Miami, FL, United States",52.28
"Phoenix, AZ, United States",52.23
"Bari, Italy",52.15
"Dublin, Ireland",51.91
"Cebu, Philippines",51.88
"Wollongong, Australia",51.73
"Florianopolis, Brazil",51.49
"Orlando, FL, United States",51.41
"Ufa, Russia",51.4
"San Miguel de Allende, Mexico",51.35
"Seattle, WA, United States",51.35
"Lyon, France",51.29
"Turin, Italy",51.28
"Nottingham, United Kingdom",51.16
"Los Angeles, CA, United States",50.82
"Dallas, TX, United States",50.64
"Tucson, AZ, United States",50.29
"Cairo, Egypt",49.68
"Playa del Carmen, Mexico",49.45
"Constanta, Romania",49.32
"Asuncion, Paraguay",49.29
"Nanaimo, BC, Canada",49.23
"Toulouse, France",48.92
"Barcelona, Spain",48.87
"Mysore, India",48.85
"Saskatoon, Canada",48.81
"Kharkiv, Ukraine",48.65
"Liverpool, United Kingdom",48.63
"Indore, India",48.61
"Sacramento, CA, United States",48.6
"Rawalpindi, Pakistan",48.57
"Lucknow (Lakhnau), India",48.41
"Bordeaux, France",48.39
"Cincinnati, OH, United States",48.37
"Bali, Indonesia",48.36
"San Antonio, TX, United States",48.24
"New York, NY, United States",48.13
"Richmond, VA, United States",47.77
"Istanbul, Turkey",47.62
"Tampa, FL, United States",47.55
"St.Catharines, Canada",47.42
"Gothenburg, Sweden",47.34
"Monterrey, Mexico",47.2
"Podgorica, Montenegro",47.2
"Panama City, Panama",47.16
"Addis Ababa, Ethiopia",47.15
"Tunis, Tunisia",47.14
"Yekaterinburg, Russia",47.13
"St. John's, Newfoundland and Labrador, Canada",46.99
"Novosibirsk, Russia",46.92
"Accra, Ghana",46.88
"Milan, Italy",46.84
"Nashville, TN, United States",46.84
"Omaha, NE, United States",46.76
"Skopje, North Macedonia",46.76
"Auckland, New Zealand",46.75
"Kolkata, India",46.68
"Beirut, Lebanon",46.67
"Bologna, Italy",46.62
"Newcastle, Australia",46.6
"Palermo, Italy",46.59
"Hamilton, New Zealand",46.57
"Pattaya, Thailand",46.45
"Buffalo, NY, United States",46.45
"Honolulu, HI, United States",46.24
"Gold Coast, Australia",46.19
"Stockholm, Sweden",45.97
"Glasgow, United Kingdom",45.93
"San Jose, CA, United States",45.9
"Charlotte, NC, United States",45.77
"Vitoria, Brazil",45.72
"Kiev (Kyiv), Ukraine",45.69
"Kuching, Malaysia",45.45
"Mumbai, India",45.28
"Sarajevo, Bosnia And Herzegovina",45.21
"Moncton, Canada",45.04
"Belfast, United Kingdom",44.9
"Denver, CO, United States",44.87
"Chisinau, Moldova",44.74
"Edmonton, Canada",44.56
"Tirana, Albania",44.5
"Melbourne, Australia",44.39
"Frankfurt, Germany",44.12
"Kristiansand, Norway",44.06
"Columbus, OH, United States",43.98
"Hyderabad, India",43.87
"Sheffield, United Kingdom",43.86
"Chandigarh, India",43.46
"Leeds, United Kingdom",43.34
"Windsor, Canada",43.25
"Mississauga, Canada",43.06
"Vaughan, Canada",42.7
"Cologne, Germany",42.65
"Hamburg, Germany",42.56
"Genoa, Italy",42.51
"Berlin, Germany",42.24
"Sofia, Bulgaria",42.13
"Lodz, Poland",42.09
"Bristol, United Kingdom",41.81
"Perth, Australia",41.61
"Pune, India",41.56
"Bremen, Germany",41.52
"Toronto, Canada",41.52
"Novi Sad, Serbia",41.41
"Iloilo, Philippines",41.38
"Cuenca, Ecuador",41.36
"Hanover, Germany",41.29
"Katowice, Poland",41.26
"Kochi, India",41.21
"Colombo, Sri Lanka",41.19
"Halifax, Canada",41.16
"Christchurch, New Zealand",41.15
"Bangkok, Thailand",40.98
"Kitchener, Canada",40.97
"Leipzig, Germany",40.86
"Brooklyn, NY, United States",40.78
"Uppsala, Sweden",40.56
"Chennai, India",40.45
"Bonn, Germany",40.43
"Limerick, Ireland",40.28
"Alexandria, Egypt",40.24
"Florence, Italy",40.23
"Thiruvananthapuram, India",39.54
"Coimbatore, India",39.53
"Saint Petersburg, Russia",39.51
"Ankara, Turkey",39.41
"Boston, MA, United States",39.25
"Newcastle upon Tyne, United Kingdom",39.15
"Riverside, CA, United States",38.97
"Lviv, Ukraine",38.89
"Amman, Jordan",38.82
"Makati, Philippines",38.39
"Vancouver, Canada",38.25
"Pittsburgh, PA, United States",38.19
"Hanoi, Vietnam",38.12
"Karlsruhe, Germany",38.09
"Victoria, Canada",38.05
"Belgrade, Serbia",38.01
"Strasbourg, France",37.93
"Riga, Latvia",37.91
"Visakhapatnam, India",37.8
"Kaunas, Lithuania",37.58
"Antwerp, Belgium",37.56
"Cardiff, United Kingdom",37.51
"Kathmandu, Nepal",37.25
"Moscow, Russia",37.25
"Austin, TX, United States",37.25
"Baguio, Philippines",37.17
"San Diego, CA, United States",37.15
"Varna, Bulgaria",37.13
"Calgary, Canada",36.82
"Nagpur, India",36.77
"Queretaro, Mexico",36.74
"Oulu, Finland",36.51
"Brighton, United Kingdom",36.49
"Klaipeda, Lithuania",36.46
"Guangzhou, China",36.41
"Cagliari, Italy",36.37
"Jerusalem, Israel",36.24
"Rabat, Morocco",36.17
"Rotterdam, Netherlands",36.16
"Cork, Ireland",36.03
"Lahore, Pakistan",35.77
"Boise, ID, United States",35.66
"Penang, Malaysia",35.59
"Surat, India",35.55
"Jaipur, India",35.52
"Porto, Portugal",35.35
"Budapest, Hungary",35.06
"Brisbane, Australia",35.05
"Banja Luka, Bosnia And Herzegovina",34.77
"Raleigh, NC, United States",34.6
"Puerto Vallarta, Mexico",34.43
"Navi Mumbai, India",34.33
"Kingston, Canada",34.17
"Dusseldorf, Germany",34.06
"Oslo, Norway",34.06
"Madison, WI, United States",33.98
"Lund, Sweden",33.96
"Tashkent, Uzbekistan",33.86
"Sydney, Australia",33.81
"Aguascalientes, Mexico",33.74
"Aberdeen, United Kingdom",33.68
"Iasi, Romania",33.67
"Split, Croatia",33.62
"Nuremberg, Germany",33.48
"Shanghai, China",33.41
"Guelph, Canada",33.17
"Astana (Nur-Sultan), Kazakhstan",33.13
"Salt Lake City, UT, United States",33.11
"Amsterdam, Netherlands",33.06
"Vadodara, India",32.92
"El Paso, TX, United States",32.72
"Beijing, China",32.44
"Ahmedabad, India",32.4
"Osaka, Japan",32.35
"Palma de Mallorca, Spain",32.28
"Hobart, Australia",32.18
"Limassol, Cyprus",32.05
"Shenzhen, China",31.86
"Seville (Sevilla), Spain",31.59
"Freiburg im Breisgau, Germany",31.57
"Gdansk, Poland",31.41
"Havana, Cuba",31.2
"Montreal, Canada",30.99
"Izmir, Turkey",30.94
"Wroclaw, Poland",30.87
"Stuttgart, Germany",30.71
"Dresden, Germany",30.63
"Wellington, New Zealand",30.61
"Poznan, Poland",30.57
"Kuwait City, Kuwait",30.55
"Edinburgh, United Kingdom",30.51
"Baku, Azerbaijan",30.36
"Ad Dammam, Saudi Arabia",30.29
"Krakow (Cracow), Poland",30.28
"Luxembourg, Luxembourg",30.15
"Madrid, Spain",30.06
"Burlington, Canada",30.0
"Adelaide, Australia",29.98
"Bratislava, Slovakia",29.89
"Nicosia, Cyprus",29.87
"Cambridge, United Kingdom",29.61
"Islamabad, Pakistan",29.52
"Nizhny Novgorod, Russia",29.23
"Galway, Ireland",29.19
"Lisbon, Portugal",29.17
"Jeddah (Jiddah), Saudi Arabia",28.95
"Alicante, Spain",28.81
"Bucharest, Romania",28.25
"Bursa, Turkey",28.2
"Davao, Philippines",27.75
"Valencia, Spain",27.68
"Graz, Austria",27.38
"Warsaw, Poland",27.3
"Ottawa, Canada",27.27
"Singapore, Singapore",27.22
"Bergen, Norway",27.2
"Malaga, Spain",27.05
"Antalya, Turkey",27.03
"Haifa, Israel",26.86
"Vienna, Austria",26.85
"Utrecht, Netherlands",26.81
"Copenhagen, Denmark",26.67
"Tel Aviv-Yafo, Israel",26.62
"Geneva, Switzerland",26.61
"Vilnius, Lithuania",26.51
"Brasov, Romania",26.49
"Riyadh, Saudi Arabia",26.31
"Richmond Hill, Canada",26.28
"Gent, Belgium",26.26
"Trieste, Italy",26.17
"Brno, Czech Republic",26.08
"Oakville, Canada",25.74
"Aalborg, Denmark",25.54
"Lausanne, Switzerland",25.53
"Seoul, South Korea",25.38
"Tbilisi, Georgia",25.16
"Markham, Canada",25.15
"Mangalore, India",25.07
"Merida, Mexico",24.96
"Helsinki, Finland",24.92
"Eindhoven, Netherlands",24.32
"Kigali, Rwanda",24.16
"Prague, Czech Republic",24.1
"Timisoara, Romania",24.06
"Chiang Mai, Thailand",23.91
"Tokyo, Japan",23.79
"Tallinn, Estonia",23.59
"Rijeka, Croatia",23.43
"Stavanger, Norway",23.32
"Reykjavik, Iceland",23.02
"Amarillo, TX, United States",22.97
"Coquitlam, Canada",22.51
"Canberra, Australia",22.31
"The Hague (Den Haag), Netherlands",22.26
"Cluj-Napoca, Romania",22.16
"Tampere, Finland",21.86
"Yerevan, Armenia",21.66
"Hong Kong, Hong Kong",21.62
"Ljubljana, Slovenia",21.48
"Zagreb, Croatia",21.36
"Manama, Bahrain",21.06
"Irvine, CA, United States",20.9
"Groningen, Netherlands",20.8
"Tartu, Estonia",20.7
"Arhus, Denmark",20.6
"Muscat, Oman",20.54
"Basel, Switzerland",20.12
"Oradea, Romania",19.82
"Lugano, Switzerland",19.48
"Trondheim, Norway",19.41
"Eskisehir, Turkey",18.86
"Munich, Germany",18.66
"Bern, Switzerland",17.94
"Zurich, Switzerland",17.26
"Dubai, United Arab Emirates",16.3
"Sharjah, United Arab Emirates",15.69
"Ajman, United Arab Emirates",15.64
"Quebec City, Canada",15.14
"Taipei, Taiwan",15.05
"San Sebastian, Spain",14.86
"Doha, Qatar",13.96
"Abu Dhabi, United Arab Emirates",11.67
